name,run_id,pr_auc,roc_auc,lift_at_10pct,recall_at_10pct,precision,recall,f1,brier
lightgbm_learning_rate=0.1_num_leaves=31,6a696c816322446289e162dd6aab0cea,0.9992094902453952,0.9998313090418353,5.926315789473684,0.5894736842105263,0.9894736842105263,0.9894736842105263,0.9894736842105263,0.003533445210698421
lightgbm,bef00330e5534496b5ac71829dbfcd06,0.9990062968072275,0.9997975708502024,5.926315789473684,0.5894736842105263,0.9790575916230366,0.9842105263157894,0.9816272965879265,0.004488461811799387
lightgbm_learning_rate=0.05_num_leaves=31,086bff4ab5d247bbbcc7608397ad3f4a,0.9990062968072275,0.9997975708502024,5.926315789473684,0.5894736842105263,0.9790575916230366,0.9842105263157894,0.9816272965879265,0.004488461811799387
lightgbm_learning_rate=0.1_num_leaves=15,dd145c9137054bd0b14aaf7d1ffc64ed,0.9963178078066435,0.9992914979757085,5.926315789473684,0.5894736842105263,0.9740932642487047,0.9894736842105263,0.9817232375979112,0.005183637348208127
lightgbm_learning_rate=0.05_num_leaves=15,63cd1dbe26a94515a032182090c406a4,0.9952576993054847,0.999089068825911,5.926315789473684,0.5894736842105263,0.9134615384615384,1.0,0.9547738693467337,0.015177814073535585
lightgbm_learning_rate=0.02_num_leaves=31,ac9ffa7436e44d68bbcdd7883aff75c6,0.9947794800333085,0.9989541160593791,5.926315789473684,0.5894736842105263,0.9130434782608695,0.9947368421052631,0.9521410579345088,0.01728611449207377
random_forest,b349b317c9744bbc9149b7d49bb1d8d8,0.9651499152164452,0.9927744039586145,5.873402255639099,0.5842105263157895,0.8829787234042553,0.8736842105263158,0.8783068783068783,0.03717544670946789
lightgbm_learning_rate=0.02_num_leaves=15,419a6f087feb4ea8891c06e9da5c9484,0.934731199620058,0.9883715699505173,5.55592105263158,0.5526315789473685,0.7887931034482759,0.9631578947368421,0.8672985781990521,0.04349293788121832
logistic_regression,430b80141aea49a595f78e092b7be0b3,0.7239055317814004,0.903463787674314,4.550563909774437,0.45263157894736844,0.5230263157894737,0.8368421052631579,0.6437246963562753,0.11814551794775445
