CustomerID,churn_probability,risk_band,rank,actual_churn
50933,1.0,HIGH,1,1
52827,1.0,HIGH,2,1
50438,1.0,HIGH,3,1
51348,1.0,HIGH,4,1
55362,1.0,HIGH,5,1
52353,1.0,HIGH,6,1
52513,1.0,HIGH,7,1
53666,1.0,HIGH,8,1
51473,1.0,HIGH,9,1
52159,1.0,HIGH,10,1
55332,1.0,HIGH,11,1
53751,1.0,HIGH,12,1
52617,1.0,HIGH,13,1
50808,1.0,HIGH,14,1
51215,1.0,HIGH,15,1
51803,1.0,HIGH,16,1
55229,1.0,HIGH,17,1
55434,1.0,HIGH,18,1
50261,1.0,HIGH,19,1
55473,1.0,HIGH,20,1
51043,1.0,HIGH,21,1
51157,1.0,HIGH,22,1
53697,1.0,HIGH,23,1
50199,1.0,HIGH,24,1
51318,1.0,HIGH,25,1
50013,1.0,HIGH,26,1
54288,1.0,HIGH,27,1
52094,1.0,HIGH,28,1
50936,1.0,HIGH,29,1
52977,1.0,HIGH,30,1
55347,1.0,HIGH,31,1
52343,1.0,HIGH,32,1
50339,1.0,HIGH,33,1
53749,1.0,HIGH,34,1
54618,1.0,HIGH,35,1
52123,1.0,HIGH,36,1
52920,1.0,HIGH,37,1
50162,1.0,HIGH,38,1
53126,1.0,HIGH,39,1
55107,1.0,HIGH,40,1
52721,1.0,HIGH,41,1
55540,1.0,HIGH,42,1
54806,1.0,HIGH,43,1
54990,1.0,HIGH,44,1
50244,1.0,HIGH,45,1
54182,1.0,HIGH,46,1
51517,1.0,HIGH,47,1
55271,1.0,HIGH,48,1
54953,1.0,HIGH,49,1
52582,1.0,HIGH,50,1
52423,1.0,HIGH,51,1
55451,1.0,HIGH,52,1
54870,1.0,HIGH,53,1
54293,1.0,HIGH,54,1
50569,1.0,HIGH,55,1
52456,1.0,HIGH,56,1
55314,1.0,HIGH,57,1
51133,1.0,HIGH,58,1
55398,1.0,HIGH,59,1
52015,1.0,HIGH,60,1
53397,1.0,HIGH,61,1
52741,1.0,HIGH,62,1
53384,1.0,HIGH,63,1
52788,1.0,HIGH,64,1
53698,1.0,HIGH,65,1
54454,1.0,HIGH,66,1
51012,1.0,HIGH,67,1
54023,1.0,HIGH,68,1
50944,1.0,HIGH,69,1
53527,1.0,HIGH,70,1
50416,1.0,HIGH,71,1
54601,1.0,HIGH,72,1
51457,1.0,HIGH,73,1
53797,1.0,HIGH,74,1
53727,1.0,HIGH,75,1
54923,1.0,HIGH,76,1
53069,1.0,HIGH,77,1
51038,1.0,HIGH,78,1
55173,1.0,HIGH,79,1
53671,1.0,HIGH,80,1
50329,1.0,HIGH,81,1
52126,0.9999,HIGH,82,1
50959,0.9999,HIGH,83,1
54378,0.9999,HIGH,84,1
50355,0.9999,HIGH,85,1
50768,0.9999,HIGH,86,1
52550,0.9999,HIGH,87,1
51214,0.9999,HIGH,88,1
52835,0.9999,HIGH,89,1
54893,0.9999,HIGH,90,1
50655,0.9999,HIGH,91,1
55499,0.9999,HIGH,92,1
55244,0.9999,HIGH,93,1
50093,0.9999,HIGH,94,1
51173,0.9999,HIGH,95,1
50888,0.9999,HIGH,96,1
51388,0.9999,HIGH,97,1
50576,0.9999,HIGH,98,1
53676,0.9999,HIGH,99,1
52203,0.9999,HIGH,100,1
55018,0.9999,HIGH,101,1
53259,0.9999,HIGH,102,1
51728,0.9999,HIGH,103,1
50444,0.9999,HIGH,104,1
50258,0.9999,HIGH,105,1
54365,0.9999,HIGH,106,1
54962,0.9999,HIGH,107,1
55622,0.9999,HIGH,108,1
54263,0.9999,HIGH,109,1
50718,0.9999,HIGH,110,1
54913,0.9999,HIGH,111,1
54910,0.9999,HIGH,112,1
52052,0.9999,HIGH,113,1
53299,0.9999,HIGH,114,1
51673,0.9999,HIGH,115,1
50582,0.9999,HIGH,116,1
53631,0.9999,HIGH,117,1
50512,0.9999,HIGH,118,1
52950,0.9999,HIGH,119,1
54366,0.9999,HIGH,120,1
55217,0.9998,HIGH,121,1
52009,0.9998,HIGH,122,1
51328,0.9998,HIGH,123,1
55272,0.9998,HIGH,124,1
53112,0.9998,HIGH,125,1
50607,0.9998,HIGH,126,1
52098,0.9998,HIGH,127,1
55273,0.9998,HIGH,128,1
52569,0.9998,HIGH,129,1
50474,0.9998,HIGH,130,1
53008,0.9998,HIGH,131,1
50484,0.9998,HIGH,132,1
50461,0.9998,HIGH,133,1
50471,0.9998,HIGH,134,1
52184,0.9997,HIGH,135,1
54425,0.9997,HIGH,136,1
55182,0.9997,HIGH,137,1
50988,0.9997,HIGH,138,1
50193,0.9997,HIGH,139,1
52457,0.9996,HIGH,140,1
54203,0.9996,HIGH,141,1
50011,0.9996,HIGH,142,1
53619,0.9996,HIGH,143,1
54750,0.9996,HIGH,144,1
50297,0.9996,HIGH,145,1
50008,0.9996,HIGH,146,1
50861,0.9996,HIGH,147,1
52679,0.9996,HIGH,148,1
54940,0.9995,HIGH,149,1
54817,0.9995,HIGH,150,1
55200,0.9995,HIGH,151,1
50014,0.9994,HIGH,152,1
54400,0.9994,HIGH,153,1
50140,0.9994,HIGH,154,1
54756,0.9992,HIGH,155,1
52644,0.999,HIGH,156,1
50080,0.999,HIGH,157,1
51550,0.999,HIGH,158,1
51346,0.999,HIGH,159,1
51768,0.9989,HIGH,160,1
51585,0.9989,HIGH,161,1
50725,0.9987,HIGH,162,1
52174,0.9985,HIGH,163,1
51528,0.9984,HIGH,164,1
50815,0.9984,HIGH,165,1
50058,0.9984,HIGH,166,1
52077,0.9983,HIGH,167,1
53286,0.9979,HIGH,168,1
54497,0.9974,HIGH,169,1
50298,0.9974,HIGH,170,1
54630,0.9967,HIGH,171,1
53707,0.9964,HIGH,172,1
55177,0.9964,HIGH,173,1
55407,0.9961,HIGH,174,1
53937,0.9961,HIGH,175,1
53276,0.9959,HIGH,176,1
54250,0.9952,HIGH,177,1
54746,0.994,HIGH,178,1
50536,0.9923,HIGH,179,1
52006,0.9889,HIGH,180,1
50112,0.9625,HIGH,181,1
51582,0.9602,HIGH,182,1
53305,0.9014,HIGH,183,1
54206,0.8926,HIGH,184,1
54215,0.8421,HIGH,185,0
52826,0.8305,HIGH,186,1
54957,0.7331,HIGH,187,1
54775,0.7246,HIGH,188,1
53165,0.7064,HIGH,189,0
53487,0.6187,HIGH,190,1
50032,0.451,MEDIUM,191,0
54202,0.3727,MEDIUM,192,0
52235,0.2553,LOW,193,0
50765,0.2253,LOW,194,0
51363,0.1877,LOW,195,0
53961,0.1058,LOW,196,0
53196,0.0492,LOW,197,0
50420,0.04,LOW,198,0
55431,0.036,LOW,199,0
54759,0.0291,LOW,200,1
52728,0.0255,LOW,201,0
51890,0.0241,LOW,202,0
54176,0.0195,LOW,203,0
53289,0.0152,LOW,204,1
53256,0.0142,LOW,205,0
51258,0.0107,LOW,206,0
53425,0.0105,LOW,207,0
50422,0.0084,LOW,208,0
54637,0.0083,LOW,209,0
52748,0.0056,LOW,210,0
53052,0.0051,LOW,211,0
50332,0.0041,LOW,212,0
54631,0.004,LOW,213,0
54885,0.0036,LOW,214,0
51548,0.0027,LOW,215,0
50078,0.0027,LOW,216,0
51386,0.0027,LOW,217,0
53277,0.0025,LOW,218,0
53161,0.0019,LOW,219,0
50196,0.0019,LOW,220,0
50318,0.0018,LOW,221,0
53415,0.0018,LOW,222,0
53306,0.0018,LOW,223,0
50381,0.0017,LOW,224,0
55222,0.0017,LOW,225,0
55583,0.0016,LOW,226,0
52483,0.0016,LOW,227,0
51516,0.0016,LOW,228,0
51278,0.0016,LOW,229,0
51932,0.0015,LOW,230,0
53580,0.0014,LOW,231,0
51389,0.0012,LOW,232,0
52732,0.0012,LOW,233,0
50510,0.0012,LOW,234,0
51309,0.0012,LOW,235,0
51892,0.0012,LOW,236,0
50865,0.0011,LOW,237,0
54238,0.001,LOW,238,0
53241,0.001,LOW,239,0
52335,0.0009,LOW,240,0
53072,0.0009,LOW,241,0
51219,0.0009,LOW,242,0
50101,0.0009,LOW,243,0
54040,0.0009,LOW,244,0
50837,0.0008,LOW,245,0
52307,0.0008,LOW,246,0
51896,0.0008,LOW,247,0
51312,0.0008,LOW,248,0
54164,0.0008,LOW,249,0
51479,0.0007,LOW,250,0
55563,0.0007,LOW,251,0
51552,0.0007,LOW,252,0
53765,0.0007,LOW,253,0
52024,0.0007,LOW,254,0
54542,0.0007,LOW,255,0
53600,0.0006,LOW,256,0
54322,0.0006,LOW,257,0
51510,0.0006,LOW,258,0
55625,0.0006,LOW,259,0
55491,0.0006,LOW,260,0
52208,0.0006,LOW,261,0
50292,0.0006,LOW,262,0
52199,0.0006,LOW,263,0
53393,0.0006,LOW,264,0
52594,0.0005,LOW,265,0
51984,0.0005,LOW,266,0
53716,0.0005,LOW,267,0
55235,0.0005,LOW,268,0
52992,0.0005,LOW,269,0
51298,0.0005,LOW,270,0
52891,0.0005,LOW,271,0
52181,0.0004,LOW,272,0
54127,0.0004,LOW,273,0
53941,0.0004,LOW,274,0
52017,0.0004,LOW,275,0
52871,0.0004,LOW,276,0
51249,0.0004,LOW,277,0
52526,0.0004,LOW,278,0
50711,0.0004,LOW,279,0
51842,0.0003,LOW,280,0
53782,0.0003,LOW,281,0
52001,0.0003,LOW,282,0
54021,0.0003,LOW,283,0
50326,0.0003,LOW,284,0
53532,0.0003,LOW,285,0
53859,0.0003,LOW,286,0
51990,0.0003,LOW,287,0
53335,0.0003,LOW,288,0
53329,0.0003,LOW,289,0
55154,0.0003,LOW,290,0
55082,0.0003,LOW,291,0
51844,0.0003,LOW,292,0
52187,0.0003,LOW,293,0
51964,0.0003,LOW,294,0
53753,0.0003,LOW,295,0
51630,0.0002,LOW,296,0
53810,0.0002,LOW,297,0
52639,0.0002,LOW,298,0
54930,0.0002,LOW,299,0
54899,0.0002,LOW,300,0
55280,0.0002,LOW,301,0
53293,0.0002,LOW,302,0
51399,0.0002,LOW,303,0
51048,0.0002,LOW,304,0
54104,0.0002,LOW,305,0
55103,0.0002,LOW,306,0
51393,0.0002,LOW,307,0
55339,0.0002,LOW,308,0
52031,0.0002,LOW,309,0
55087,0.0002,LOW,310,0
51858,0.0002,LOW,311,0
52369,0.0002,LOW,312,0
52800,0.0002,LOW,313,0
51861,0.0002,LOW,314,0
52576,0.0002,LOW,315,0
53009,0.0002,LOW,316,0
53719,0.0002,LOW,317,0
52420,0.0002,LOW,318,0
50853,0.0002,LOW,319,0
50901,0.0002,LOW,320,0
51169,0.0002,LOW,321,0
53704,0.0002,LOW,322,0
54994,0.0002,LOW,323,0
50454,0.0002,LOW,324,0
54151,0.0002,LOW,325,0
51124,0.0002,LOW,326,0
53796,0.0002,LOW,327,0
52296,0.0001,LOW,328,0
50895,0.0001,LOW,329,0
52562,0.0001,LOW,330,0
51514,0.0001,LOW,331,0
52339,0.0001,LOW,332,0
55151,0.0001,LOW,333,0
50579,0.0001,LOW,334,0
55260,0.0001,LOW,335,0
52572,0.0001,LOW,336,0
51072,0.0001,LOW,337,0
50866,0.0001,LOW,338,0
53556,0.0001,LOW,339,0
53348,0.0001,LOW,340,0
53932,0.0001,LOW,341,0
51213,0.0001,LOW,342,0
54720,0.0001,LOW,343,0
51480,0.0001,LOW,344,0
54315,0.0001,LOW,345,0
55189,0.0001,LOW,346,0
50580,0.0001,LOW,347,0
54934,0.0001,LOW,348,0
50623,0.0001,LOW,349,0
54128,0.0001,LOW,350,0
53553,0.0001,LOW,351,0
52401,0.0001,LOW,352,0
52214,0.0001,LOW,353,0
53038,0.0001,LOW,354,0
53316,0.0001,LOW,355,0
50744,0.0001,LOW,356,0
54157,0.0001,LOW,357,0
54075,0.0001,LOW,358,0
53601,0.0001,LOW,359,0
53399,0.0001,LOW,360,0
53395,0.0001,LOW,361,0
51398,0.0001,LOW,362,0
50584,0.0001,LOW,363,0
53250,0.0001,LOW,364,0
50263,0.0001,LOW,365,0
50256,0.0001,LOW,366,0
52030,0.0001,LOW,367,0
53968,0.0001,LOW,368,0
51924,0.0001,LOW,369,0
54500,0.0001,LOW,370,0
51971,0.0001,LOW,371,0
54126,0.0001,LOW,372,0
54382,0.0001,LOW,373,0
53377,0.0001,LOW,374,0
51743,0.0001,LOW,375,0
51512,0.0001,LOW,376,0
52349,0.0001,LOW,377,0
53969,0.0001,LOW,378,0
52995,0.0001,LOW,379,0
55463,0.0001,LOW,380,0
54073,0.0001,LOW,381,0
55409,0.0001,LOW,382,0
52468,0.0001,LOW,383,0
52449,0.0001,LOW,384,0
54710,0.0001,LOW,385,0
51401,0.0001,LOW,386,0
54852,0.0001,LOW,387,0
54890,0.0001,LOW,388,0
53993,0.0001,LOW,389,0
52000,0.0001,LOW,390,0
51045,0.0001,LOW,391,0
53311,0.0001,LOW,392,0
53780,0.0001,LOW,393,0
52584,0.0001,LOW,394,0
55274,0.0001,LOW,395,0
50931,0.0001,LOW,396,0
54158,0.0001,LOW,397,0
53778,0.0001,LOW,398,0
50488,0.0001,LOW,399,0
52397,0.0001,LOW,400,0
55481,0.0001,LOW,401,0
54298,0.0001,LOW,402,0
55623,0.0001,LOW,403,0
54744,0.0001,LOW,404,0
51094,0.0001,LOW,405,0
55063,0.0001,LOW,406,0
55047,0.0001,LOW,407,0
53359,0.0001,LOW,408,0
53840,0.0001,LOW,409,0
50887,0.0001,LOW,410,0
54223,0.0001,LOW,411,0
53091,0.0001,LOW,412,0
50661,0.0001,LOW,413,0
53364,0.0001,LOW,414,0
55575,0.0001,LOW,415,0
54057,0.0001,LOW,416,0
53693,0.0001,LOW,417,0
50418,0.0001,LOW,418,0
55588,0.0001,LOW,419,0
50161,0.0001,LOW,420,0
53871,0.0001,LOW,421,0
54633,0.0001,LOW,422,0
54209,0.0001,LOW,423,0
51243,0.0001,LOW,424,0
53177,0.0001,LOW,425,0
54363,0.0001,LOW,426,0
55064,0.0001,LOW,427,0
54007,0.0,LOW,428,0
51970,0.0,LOW,429,0
54236,0.0,LOW,430,0
50106,0.0,LOW,431,0
54394,0.0,LOW,432,0
52952,0.0,LOW,433,0
53404,0.0,LOW,434,0
53586,0.0,LOW,435,0
50468,0.0,LOW,436,0
52479,0.0,LOW,437,0
53002,0.0,LOW,438,0
54605,0.0,LOW,439,0
53095,0.0,LOW,440,0
51609,0.0,LOW,441,0
51159,0.0,LOW,442,0
50800,0.0,LOW,443,0
50151,0.0,LOW,444,0
54778,0.0,LOW,445,0
50675,0.0,LOW,446,0
52580,0.0,LOW,447,0
50670,0.0,LOW,448,0
50877,0.0,LOW,449,0
55421,0.0,LOW,450,0
54549,0.0,LOW,451,0
54498,0.0,LOW,452,0
55284,0.0,LOW,453,0
54860,0.0,LOW,454,0
55029,0.0,LOW,455,0
55523,0.0,LOW,456,0
54757,0.0,LOW,457,0
53500,0.0,LOW,458,0
50833,0.0,LOW,459,0
53081,0.0,LOW,460,0
53302,0.0,LOW,461,0
50157,0.0,LOW,462,0
50726,0.0,LOW,463,0
54041,0.0,LOW,464,0
53816,0.0,LOW,465,0
53340,0.0,LOW,466,0
52260,0.0,LOW,467,0
53172,0.0,LOW,468,0
55067,0.0,LOW,469,0
54336,0.0,LOW,470,0
52750,0.0,LOW,471,0
53538,0.0,LOW,472,0
52670,0.0,LOW,473,0
50251,0.0,LOW,474,0
51055,0.0,LOW,475,0
54695,0.0,LOW,476,0
50809,0.0,LOW,477,0
51216,0.0,LOW,478,0
52489,0.0,LOW,479,0
51759,0.0,LOW,480,0
52611,0.0,LOW,481,0
53655,0.0,LOW,482,0
53099,0.0,LOW,483,0
51074,0.0,LOW,484,0
54433,0.0,LOW,485,0
50606,0.0,LOW,486,0
53570,0.0,LOW,487,0
53569,0.0,LOW,488,0
54317,0.0,LOW,489,0
51597,0.0,LOW,490,0
50984,0.0,LOW,491,0
51966,0.0,LOW,492,0
52032,0.0,LOW,493,0
53821,0.0,LOW,494,0
50954,0.0,LOW,495,0
54147,0.0,LOW,496,0
53273,0.0,LOW,497,0
51021,0.0,LOW,498,0
54101,0.0,LOW,499,0
51405,0.0,LOW,500,0
50103,0.0,LOW,501,0
52209,0.0,LOW,502,0
53571,0.0,LOW,503,0
51168,0.0,LOW,504,0
51101,0.0,LOW,505,0
51965,0.0,LOW,506,0
54811,0.0,LOW,507,0
51358,0.0,LOW,508,0
51103,0.0,LOW,509,0
54966,0.0,LOW,510,0
54384,0.0,LOW,511,0
55001,0.0,LOW,512,0
53744,0.0,LOW,513,0
55083,0.0,LOW,514,0
50320,0.0,LOW,515,0
53705,0.0,LOW,516,0
54973,0.0,LOW,517,0
54077,0.0,LOW,518,0
55389,0.0,LOW,519,0
54880,0.0,LOW,520,0
52368,0.0,LOW,521,0
55268,0.0,LOW,522,0
53761,0.0,LOW,523,0
53502,0.0,LOW,524,0
50174,0.0,LOW,525,0
50983,0.0,LOW,526,0
51418,0.0,LOW,527,0
54718,0.0,LOW,528,0
52347,0.0,LOW,529,0
50679,0.0,LOW,530,0
53889,0.0,LOW,531,0
51802,0.0,LOW,532,0
51776,0.0,LOW,533,0
52266,0.0,LOW,534,0
50516,0.0,LOW,535,0
51933,0.0,LOW,536,0
53031,0.0,LOW,537,0
52511,0.0,LOW,538,0
52591,0.0,LOW,539,0
50285,0.0,LOW,540,0
51199,0.0,LOW,541,0
53696,0.0,LOW,542,0
50214,0.0,LOW,543,0
52116,0.0,LOW,544,0
51282,0.0,LOW,545,0
53318,0.0,LOW,546,0
53093,0.0,LOW,547,0
52906,0.0,LOW,548,0
51637,0.0,LOW,549,0
55350,0.0,LOW,550,0
54982,0.0,LOW,551,0
55116,0.0,LOW,552,0
54790,0.0,LOW,553,0
52396,0.0,LOW,554,0
53035,0.0,LOW,555,0
50634,0.0,LOW,556,0
52450,0.0,LOW,557,0
53805,0.0,LOW,558,0
55090,0.0,LOW,559,0
50786,0.0,LOW,560,0
53304,0.0,LOW,561,0
51672,0.0,LOW,562,0
50155,0.0,LOW,563,0
54677,0.0,LOW,564,0
51079,0.0,LOW,565,0
51981,0.0,LOW,566,0
54319,0.0,LOW,567,0
54904,0.0,LOW,568,0
55456,0.0,LOW,569,0
51845,0.0,LOW,570,0
54927,0.0,LOW,571,0
51723,0.0,LOW,572,0
55094,0.0,LOW,573,0
53955,0.0,LOW,574,0
50402,0.0,LOW,575,0
50114,0.0,LOW,576,0
55462,0.0,LOW,577,0
54092,0.0,LOW,578,0
51519,0.0,LOW,579,0
52501,0.0,LOW,580,0
55009,0.0,LOW,581,0
55061,0.0,LOW,582,0
52605,0.0,LOW,583,0
52069,0.0,LOW,584,0
50265,0.0,LOW,585,0
55420,0.0,LOW,586,0
52647,0.0,LOW,587,0
54538,0.0,LOW,588,0
54803,0.0,LOW,589,0
51590,0.0,LOW,590,0
53918,0.0,LOW,591,0
50792,0.0,LOW,592,0
54986,0.0,LOW,593,0
52745,0.0,LOW,594,0
52228,0.0,LOW,595,0
51544,0.0,LOW,596,0
52474,0.0,LOW,597,0
55520,0.0,LOW,598,0
50218,0.0,LOW,599,0
53426,0.0,LOW,600,0
53908,0.0,LOW,601,0
51581,0.0,LOW,602,0
51805,0.0,LOW,603,0
53835,0.0,LOW,604,0
52789,0.0,LOW,605,0
51699,0.0,LOW,606,0
53521,0.0,LOW,607,0
54969,0.0,LOW,608,0
54257,0.0,LOW,609,0
51066,0.0,LOW,610,0
51316,0.0,LOW,611,0
50308,0.0,LOW,612,0
51897,0.0,LOW,613,0
54180,0.0,LOW,614,0
52440,0.0,LOW,615,0
52149,0.0,LOW,616,0
52646,0.0,LOW,617,0
53475,0.0,LOW,618,0
52192,0.0,LOW,619,0
52949,0.0,LOW,620,0
51773,0.0,LOW,621,0
54512,0.0,LOW,622,0
51831,0.0,LOW,623,0
50421,0.0,LOW,624,0
54547,0.0,LOW,625,0
51310,0.0,LOW,626,0
50886,0.0,LOW,627,0
52490,0.0,LOW,628,0
52225,0.0,LOW,629,0
54901,0.0,LOW,630,0
54054,0.0,LOW,631,0
53995,0.0,LOW,632,0
51260,0.0,LOW,633,0
51565,0.0,LOW,634,0
55161,0.0,LOW,635,0
53678,0.0,LOW,636,0
54873,0.0,LOW,637,0
55316,0.0,LOW,638,0
54385,0.0,LOW,639,0
53140,0.0,LOW,640,0
50030,0.0,LOW,641,0
54080,0.0,LOW,642,0
54192,0.0,LOW,643,0
55104,0.0,LOW,644,0
53355,0.0,LOW,645,0
51016,0.0,LOW,646,0
51256,0.0,LOW,647,0
55390,0.0,LOW,648,0
50821,0.0,LOW,649,0
50473,0.0,LOW,650,0
50485,0.0,LOW,651,0
51437,0.0,LOW,652,0
51242,0.0,LOW,653,0
50324,0.0,LOW,654,0
50669,0.0,LOW,655,0
55338,0.0,LOW,656,0
54801,0.0,LOW,657,0
55239,0.0,LOW,658,0
55615,0.0,LOW,659,0
53252,0.0,LOW,660,0
54329,0.0,LOW,661,0
51574,0.0,LOW,662,0
52720,0.0,LOW,663,0
52413,0.0,LOW,664,0
53371,0.0,LOW,665,0
50602,0.0,LOW,666,0
51757,0.0,LOW,667,0
55403,0.0,LOW,668,0
54709,0.0,LOW,669,0
53445,0.0,LOW,670,0
53485,0.0,LOW,671,0
53138,0.0,LOW,672,0
50502,0.0,LOW,673,0
55290,0.0,LOW,674,0
51543,0.0,LOW,675,0
54914,0.0,LOW,676,0
55555,0.0,LOW,677,0
55519,0.0,LOW,678,0
53101,0.0,LOW,679,0
51475,0.0,LOW,680,0
51293,0.0,LOW,681,0
54625,0.0,LOW,682,0
53092,0.0,LOW,683,0
54392,0.0,LOW,684,0
55022,0.0,LOW,685,0
51649,0.0,LOW,686,0
52239,0.0,LOW,687,0
52676,0.0,LOW,688,0
52120,0.0,LOW,689,0
53449,0.0,LOW,690,0
55176,0.0,LOW,691,0
50301,0.0,LOW,692,0
51951,0.0,LOW,693,0
51058,0.0,LOW,694,0
51176,0.0,LOW,695,0
51904,0.0,LOW,696,0
52493,0.0,LOW,697,0
50159,0.0,LOW,698,0
51968,0.0,LOW,699,0
50176,0.0,LOW,700,0
53310,0.0,LOW,701,0
53381,0.0,LOW,702,0
54787,0.0,LOW,703,0
53645,0.0,LOW,704,0
52045,0.0,LOW,705,0
51843,0.0,LOW,706,0
53317,0.0,LOW,707,0
52797,0.0,LOW,708,0
50766,0.0,LOW,709,0
54683,0.0,LOW,710,0
50702,0.0,LOW,711,0
53442,0.0,LOW,712,0
54160,0.0,LOW,713,0
54078,0.0,LOW,714,0
54485,0.0,LOW,715,0
53574,0.0,LOW,716,0
54948,0.0,LOW,717,0
54248,0.0,LOW,718,0
55577,0.0,LOW,719,0
52621,0.0,LOW,720,0
51014,0.0,LOW,721,0
54984,0.0,LOW,722,0
54783,0.0,LOW,723,0
52305,0.0,LOW,724,0
51644,0.0,LOW,725,0
50898,0.0,LOW,726,0
54291,0.0,LOW,727,0
54796,0.0,LOW,728,0
52416,0.0,LOW,729,0
54628,0.0,LOW,730,0
55245,0.0,LOW,731,0
52498,0.0,LOW,732,0
50612,0.0,LOW,733,0
52581,0.0,LOW,734,0
53451,0.0,LOW,735,0
53229,0.0,LOW,736,0
53473,0.0,LOW,737,0
52243,0.0,LOW,738,0
54156,0.0,LOW,739,0
54649,0.0,LOW,740,0
55139,0.0,LOW,741,0
50286,0.0,LOW,742,0
53517,0.0,LOW,743,0
51583,0.0,LOW,744,0
53508,0.0,LOW,745,0
51847,0.0,LOW,746,0
53363,0.0,LOW,747,0
51299,0.0,LOW,748,0
53433,0.0,LOW,749,0
51095,0.0,LOW,750,0
54048,0.0,LOW,751,0
53254,0.0,LOW,752,0
52844,0.0,LOW,753,0
50335,0.0,LOW,754,0
50994,0.0,LOW,755,0
51534,0.0,LOW,756,0
51238,0.0,LOW,757,0
54832,0.0,LOW,758,0
54493,0.0,LOW,759,0
52240,0.0,LOW,760,0
55612,0.0,LOW,761,0
54427,0.0,LOW,762,0
50287,0.0,LOW,763,0
50756,0.0,LOW,764,0
50180,0.0,LOW,765,0
55578,0.0,LOW,766,0
51130,0.0,LOW,767,0
55124,0.0,LOW,768,0
51296,0.0,LOW,769,0
55147,0.0,LOW,770,0
52877,0.0,LOW,771,0
54879,0.0,LOW,772,0
54680,0.0,LOW,773,0
50142,0.0,LOW,774,0
55241,0.0,LOW,775,0
52145,0.0,LOW,776,0
50448,0.0,LOW,777,0
50163,0.0,LOW,778,0
50942,0.0,LOW,779,0
50403,0.0,LOW,780,0
50118,0.0,LOW,781,0
51797,0.0,LOW,782,0
54240,0.0,LOW,783,0
52533,0.0,LOW,784,0
55180,0.0,LOW,785,0
50817,0.0,LOW,786,0
51616,0.0,LOW,787,0
53622,0.0,LOW,788,0
51302,0.0,LOW,789,0
53983,0.0,LOW,790,0
53495,0.0,LOW,791,0
55122,0.0,LOW,792,0
50905,0.0,LOW,793,0
52390,0.0,LOW,794,0
52317,0.0,LOW,795,0
54770,0.0,LOW,796,0
53474,0.0,LOW,797,0
53947,0.0,LOW,798,0
53436,0.0,LOW,799,0
52630,0.0,LOW,800,0
50827,0.0,LOW,801,0
51190,0.0,LOW,802,0
52565,0.0,LOW,803,0
52864,0.0,LOW,804,0
54342,0.0,LOW,805,0
54100,0.0,LOW,806,0
53610,0.0,LOW,807,0
54981,0.0,LOW,808,0
54804,0.0,LOW,809,0
54972,0.0,LOW,810,0
52558,0.0,LOW,811,0
50446,0.0,LOW,812,0
53592,0.0,LOW,813,0
53267,0.0,LOW,814,0
55143,0.0,LOW,815,0
53162,0.0,LOW,816,0
53217,0.0,LOW,817,0
50134,0.0,LOW,818,0
51476,0.0,LOW,819,0
50357,0.0,LOW,820,0
54894,0.0,LOW,821,0
50260,0.0,LOW,822,0
52223,0.0,LOW,823,0
54871,0.0,LOW,824,0
53509,0.0,LOW,825,0
51624,0.0,LOW,826,0
51194,0.0,LOW,827,0
52756,0.0,LOW,828,0
50799,0.0,LOW,829,0
53808,0.0,LOW,830,0
51603,0.0,LOW,831,0
50758,0.0,LOW,832,0
52060,0.0,LOW,833,0
53528,0.0,LOW,834,0
50773,0.0,LOW,835,0
52079,0.0,LOW,836,0
52391,0.0,LOW,837,0
54898,0.0,LOW,838,0
50698,0.0,LOW,839,0
50064,0.0,LOW,840,0
54430,0.0,LOW,841,0
50179,0.0,LOW,842,0
51292,0.0,LOW,843,0
53135,0.0,LOW,844,0
51909,0.0,LOW,845,0
53432,0.0,LOW,846,0
50206,0.0,LOW,847,0
50247,0.0,LOW,848,0
55541,0.0,LOW,849,0
50166,0.0,LOW,850,0
52364,0.0,LOW,851,0
53511,0.0,LOW,852,0
52599,0.0,LOW,853,0
55202,0.0,LOW,854,0
54277,0.0,LOW,855,0
55110,0.0,LOW,856,0
52092,0.0,LOW,857,0
53629,0.0,LOW,858,0
50701,0.0,LOW,859,0
50649,0.0,LOW,860,0
53849,0.0,LOW,861,0
55507,0.0,LOW,862,0
54232,0.0,LOW,863,0
52963,0.0,LOW,864,0
54589,0.0,LOW,865,0
53005,0.0,LOW,866,0
50835,0.0,LOW,867,0
50182,0.0,LOW,868,0
55068,0.0,LOW,869,0
51068,0.0,LOW,870,0
53561,0.0,LOW,871,0
50056,0.0,LOW,872,0
54808,0.0,LOW,873,0
53016,0.0,LOW,874,0
50750,0.0,LOW,875,0
51005,0.0,LOW,876,0
53669,0.0,LOW,877,0
51651,0.0,LOW,878,0
55306,0.0,LOW,879,0
52698,0.0,LOW,880,0
51136,0.0,LOW,881,0
54284,0.0,LOW,882,0
55413,0.0,LOW,883,0
50627,0.0,LOW,884,0
51894,0.0,LOW,885,0
52504,0.0,LOW,886,0
51592,0.0,LOW,887,0
52334,0.0,LOW,888,0
53738,0.0,LOW,889,0
53497,0.0,LOW,890,0
55387,0.0,LOW,891,0
51279,0.0,LOW,892,0
52381,0.0,LOW,893,0
50753,0.0,LOW,894,0
52290,0.0,LOW,895,0
53804,0.0,LOW,896,0
52865,0.0,LOW,897,0
52538,0.0,LOW,898,0
51521,0.0,LOW,899,0
51857,0.0,LOW,900,0
53584,0.0,LOW,901,0
53307,0.0,LOW,902,0
54918,0.0,LOW,903,0
54335,0.0,LOW,904,0
52764,0.0,LOW,905,0
52281,0.0,LOW,906,0
50719,0.0,LOW,907,0
52968,0.0,LOW,908,0
50960,0.0,LOW,909,0
51612,0.0,LOW,910,0
52128,0.0,LOW,911,0
53406,0.0,LOW,912,0
52512,0.0,LOW,913,0
50553,0.0,LOW,914,0
52900,0.0,LOW,915,0
54939,0.0,LOW,916,0
52677,0.0,LOW,917,0
54964,0.0,LOW,918,0
54739,0.0,LOW,919,0
54369,0.0,LOW,920,0
54026,0.0,LOW,921,0
51339,0.0,LOW,922,0
50774,0.0,LOW,923,0
55132,0.0,LOW,924,0
55447,0.0,LOW,925,0
54508,0.0,LOW,926,0
52586,0.0,LOW,927,0
50213,0.0,LOW,928,0
51407,0.0,LOW,929,0
50187,0.0,LOW,930,0
52692,0.0,LOW,931,0
52484,0.0,LOW,932,0
53300,0.0,LOW,933,0
51295,0.0,LOW,934,0
52575,0.0,LOW,935,0
52230,0.0,LOW,936,0
53121,0.0,LOW,937,0
52766,0.0,LOW,938,0
52241,0.0,LOW,939,0
53367,0.0,LOW,940,0
52465,0.0,LOW,941,0
50619,0.0,LOW,942,0
54098,0.0,LOW,943,0
52776,0.0,LOW,944,0
54372,0.0,LOW,945,0
54652,0.0,LOW,946,0
54642,0.0,LOW,947,0
54563,0.0,LOW,948,0
53992,0.0,LOW,949,0
53278,0.0,LOW,950,0
52898,0.0,LOW,951,0
52973,0.0,LOW,952,0
53836,0.0,LOW,953,0
51811,0.0,LOW,954,0
53714,0.0,LOW,955,0
51730,0.0,LOW,956,0
52890,0.0,LOW,957,0
50267,0.0,LOW,958,0
53590,0.0,LOW,959,0
52418,0.0,LOW,960,0
52348,0.0,LOW,961,0
53505,0.0,LOW,962,0
51123,0.0,LOW,963,0
53319,0.0,LOW,964,0
55031,0.0,LOW,965,0
54455,0.0,LOW,966,0
51570,0.0,LOW,967,0
50826,0.0,LOW,968,0
52408,0.0,LOW,969,0
53910,0.0,LOW,970,0
54535,0.0,LOW,971,0
51658,0.0,LOW,972,0
50949,0.0,LOW,973,0
54532,0.0,LOW,974,0
53349,0.0,LOW,975,0
54018,0.0,LOW,976,0
54848,0.0,LOW,977,0
54276,0.0,LOW,978,0
53086,0.0,LOW,979,0
52213,0.0,LOW,980,0
50881,0.0,LOW,981,0
53265,0.0,LOW,982,0
51706,0.0,LOW,983,0
50697,0.0,LOW,984,0
53933,0.0,LOW,985,0
54866,0.0,LOW,986,0
54595,0.0,LOW,987,0
50918,0.0,LOW,988,0
52383,0.0,LOW,989,0
52244,0.0,LOW,990,0
55531,0.0,LOW,991,0
50186,0.0,LOW,992,0
52444,0.0,LOW,993,0
54393,0.0,LOW,994,0
52476,0.0,LOW,995,0
53639,0.0,LOW,996,0
53784,0.0,LOW,997,0
51394,0.0,LOW,998,0
55036,0.0,LOW,999,0
55331,0.0,LOW,1000,0
53720,0.0,LOW,1001,0
52023,0.0,LOW,1002,0
54480,0.0,LOW,1003,0
50970,0.0,LOW,1004,0
52654,0.0,LOW,1005,0
55084,0.0,LOW,1006,0
52770,0.0,LOW,1007,0
51171,0.0,LOW,1008,0
54190,0.0,LOW,1009,0
54507,0.0,LOW,1010,0
51686,0.0,LOW,1011,0
54571,0.0,LOW,1012,0
52602,0.0,LOW,1013,0
52867,0.0,LOW,1014,0
50036,0.0,LOW,1015,0
50192,0.0,LOW,1016,0
53842,0.0,LOW,1017,0
54499,0.0,LOW,1018,0
51598,0.0,LOW,1019,0
51411,0.0,LOW,1020,0
51783,0.0,LOW,1021,0
50940,0.0,LOW,1022,0
54171,0.0,LOW,1023,0
52661,0.0,LOW,1024,0
53029,0.0,LOW,1025,0
51655,0.0,LOW,1026,0
54469,0.0,LOW,1027,0
55052,0.0,LOW,1028,0
52170,0.0,LOW,1029,0
55046,0.0,LOW,1030,0
53777,0.0,LOW,1031,0
50636,0.0,LOW,1032,0
52074,0.0,LOW,1033,0
55396,0.0,LOW,1034,0
55450,0.0,LOW,1035,0
54043,0.0,LOW,1036,0
55264,0.0,LOW,1037,0
53974,0.0,LOW,1038,0
50844,0.0,LOW,1039,0
50651,0.0,LOW,1040,0
55436,0.0,LOW,1041,0
51677,0.0,LOW,1042,0
55184,0.0,LOW,1043,0
55165,0.0,LOW,1044,0
50590,0.0,LOW,1045,0
52026,0.0,LOW,1046,0
51049,0.0,LOW,1047,0
52283,0.0,LOW,1048,0
54722,0.0,LOW,1049,0
53104,0.0,LOW,1050,0
51930,0.0,LOW,1051,0
50097,0.0,LOW,1052,0
53234,0.0,LOW,1053,0
52880,0.0,LOW,1054,0
50650,0.0,LOW,1055,0
51419,0.0,LOW,1056,0
53013,0.0,LOW,1057,0
51444,0.0,LOW,1058,0
50296,0.0,LOW,1059,0
52202,0.0,LOW,1060,0
52280,0.0,LOW,1061,0
52118,0.0,LOW,1062,0
51421,0.0,LOW,1063,0
51507,0.0,LOW,1064,0
53811,0.0,LOW,1065,0
50589,0.0,LOW,1066,0
51792,0.0,LOW,1067,0
52091,0.0,LOW,1068,0
50248,0.0,LOW,1069,0
55471,0.0,LOW,1070,0
53949,0.0,LOW,1071,0
52943,0.0,LOW,1072,0
50073,0.0,LOW,1073,0
53514,0.0,LOW,1074,0
52922,0.0,LOW,1075,0
52022,0.0,LOW,1076,0
50089,0.0,LOW,1077,0
53755,0.0,LOW,1078,0
53549,0.0,LOW,1079,0
50031,0.0,LOW,1080,0
53188,0.0,LOW,1081,0
50043,0.0,LOW,1082,0
50307,0.0,LOW,1083,0
55075,0.0,LOW,1084,0
54320,0.0,LOW,1085,0
50775,0.0,LOW,1086,0
52801,0.0,LOW,1087,0
53447,0.0,LOW,1088,0
53929,0.0,LOW,1089,0
54995,0.0,LOW,1090,0
53739,0.0,LOW,1091,0
52642,0.0,LOW,1092,0
53070,0.0,LOW,1093,0
53459,0.0,LOW,1094,0
54929,0.0,LOW,1095,0
54473,0.0,LOW,1096,0
52399,0.0,LOW,1097,0
52007,0.0,LOW,1098,0
51406,0.0,LOW,1099,0
53543,0.0,LOW,1100,0
55437,0.0,LOW,1101,0
50563,0.0,LOW,1102,0
55616,0.0,LOW,1103,0
50493,0.0,LOW,1104,0
53582,0.0,LOW,1105,0
52475,0.0,LOW,1106,0
52466,0.0,LOW,1107,0
54243,0.0,LOW,1108,0
55485,0.0,LOW,1109,0
51247,0.0,LOW,1110,0
52974,0.0,LOW,1111,0
51039,0.0,LOW,1112,0
51765,0.0,LOW,1113,0
50952,0.0,LOW,1114,0
53893,0.0,LOW,1115,0
52251,0.0,LOW,1116,0
50479,0.0,LOW,1117,0
54510,0.0,LOW,1118,0
50382,0.0,LOW,1119,0
50896,0.0,LOW,1120,0
55581,0.0,LOW,1121,0
54468,0.0,LOW,1122,0
52042,0.0,LOW,1123,0
52488,0.0,LOW,1124,0
51959,0.0,LOW,1125,0
51315,0.0,LOW,1126,0
